RollNo,Name,Maths,Science,English,Attendance,Result,Total,Percentage,Grade,RiskLevel,AttendanceImpact
1,Amit,78,85,74,90,Pass,237,79.0,B,Low Risk,82.3
2,Riya,92,88,91,95,Pass,271,90.33333333333333,A,Low Risk,91.73333333333332
3,Rahul,65,70,60,80,Pass,195,65.0,C,Low Risk,69.5
4,Neha,88,90,85,92,Pass,263,87.66666666666667,A,Low Risk,88.96666666666667
5,Arjun,55,60,58,75,Fail,173,57.666666666666664,C,Medium Risk,62.86666666666666
6,Pooja,95,94,96,98,Pass,285,95.0,A,Low Risk,95.9
7,Karan,72,68,70,85,Pass,210,70.0,B,Low Risk,74.5
8,Sneha,81,79,84,88,Pass,244,81.33333333333333,B,Low Risk,83.33333333333331
